"timestamp","beijing","lunarMonth","lunarDay","hourNumber","smallIndex","smallName","smallDirection","sixShift","sixBalance","sixDirection","sixOpenLessons","sixClosedLessons","sixNeutralLessons","meiUpper","meiLower","meiMoving","meiRelation","meiDirection","openMethods","closedMethods","neutralMethods","omenIndex","omenName","branchSpread"
"2026-10-01T00:00:00.000Z","2026-10-01 08:00:00","8","21","5","1","留连","-1","0","4","1","4","0","0","4","1","5","control","0","1","1","1","2","交兆","1.2"
"2026-10-01T02:00:00.000Z","2026-10-01 10:00:00","8","21","6","2","速喜","1","11","2","1","3","1","0","4","2","6","control","0","2","0","1","0","舒兆","1.1"
"2026-10-01T04:00:00.000Z","2026-10-01 12:00:00","8","21","7","3","赤口","-1","10","-3","-1","0","3","1","4","3","1","outflow","-1","0","3","0","1","敛兆","0.85"
"2026-10-01T06:00:00.000Z","2026-10-01 14:00:00","8","21","8","4","小吉","1","9","0","0","2","2","0","4","4","2","same","1","2","0","1","0","舒兆","1"
"2026-10-01T08:00:00.000Z","2026-10-01 16:00:00","8","21","9","5","空亡","0","8","1","1","2","1","1","4","5","3","same","1","2","0","1","0","舒兆","1.05"
"2026-10-01T10:00:00.000Z","2026-10-01 18:00:00","8","21","10","0","大安","1","7","-1","-1","0","1","3","4","6","4","outflow","-1","1","2","0","2","交兆","0.95"
"2026-10-01T12:00:00.000Z","2026-10-01 20:00:00","8","21","11","1","留连","-1","6","-1","-1","0","1","3","4","7","5","pressure","-1","0","3","0","1","敛兆","0.95"
"2026-10-01T14:00:00.000Z","2026-10-01 22:00:00","8","21","12","2","速喜","1","5","2","1","3","1","0","4","8","6","pressure","-1","2","1","0","2","交兆","1.1"
"2026-10-01T16:00:00.000Z","2026-10-02 00:00:00","8","22","1","4","小吉","1","4","1","1","2","1","1","5","6","2","supported","1","3","0","0","0","舒兆","1.05"
"2026-10-01T18:00:00.000Z","2026-10-02 02:00:00","8","22","2","5","空亡","0","3","0","0","2","2","0","5","7","3","control","0","0","0","3","2","交兆","1"
"2026-10-01T20:00:00.000Z","2026-10-02 04:00:00","8","22","3","0","大安","1","2","-4","-1","0","4","0","5","8","4","pressure","-1","1","2","0","2","交兆","0.8"
"2026-10-01T22:00:00.000Z","2026-10-02 06:00:00","8","22","4","1","留连","-1","1","1","1","2","1","1","5","1","5","control","0","1","1","1","2","交兆","1.05"
"2026-10-02T00:00:00.000Z","2026-10-02 08:00:00","8","22","5","2","速喜","1","0","4","1","4","0","0","5","2","6","control","0","2","0","1","0","舒兆","1.2"
"2026-10-02T02:00:00.000Z","2026-10-02 10:00:00","8","22","6","3","赤口","-1","11","4","1","4","0","0","5","3","1","outflow","-1","1","2","0","2","交兆","1.2"
"2026-10-02T04:00:00.000Z","2026-10-02 12:00:00","8","22","7","4","小吉","1","10","4","1","4","0","0","5","4","2","same","1","3","0","0","0","舒兆","1.2"
"2026-10-02T06:00:00.000Z","2026-10-02 14:00:00","8","22","8","5","空亡","0","9","2","1","3","1","0","5","5","3","same","1","2","0","1","0","舒兆","1.1"
"2026-10-02T08:00:00.000Z","2026-10-02 16:00:00","8","22","9","0","大安","1","8","-2","-1","1","3","0","5","6","4","outflow","-1","1","2","0","2","交兆","0.9"
"2026-10-02T10:00:00.000Z","2026-10-02 18:00:00","8","22","10","1","留连","-1","7","-1","-1","1","2","1","5","7","5","pressure","-1","0","3","0","1","敛兆","0.95"
"2026-10-02T12:00:00.000Z","2026-10-02 20:00:00","8","22","11","2","速喜","1","6","1","1","2","1","1","5","8","6","pressure","-1","2","1","0","2","交兆","1.05"
"2026-10-02T14:00:00.000Z","2026-10-02 22:00:00","8","22","12","3","赤口","-1","5","0","0","0","0","4","5","1","1","pressure","-1","0","2","1","1","敛兆","1"
"2026-10-02T16:00:00.000Z","2026-10-03 00:00:00","8","23","1","5","空亡","0","4","-4","-1","0","4","0","6","7","3","pressure","-1","0","2","1","1","敛兆","0.8"
"2026-10-02T18:00:00.000Z","2026-10-03 02:00:00","8","23","2","0","大安","1","3","0","0","2","2","0","6","8","4","control","0","1","0","2","2","交兆","1"
"2026-10-02T20:00:00.000Z","2026-10-03 04:00:00","8","23","3","1","留连","-1","2","0","0","1","1","2","6","1","5","outflow","-1","0","2","1","1","敛兆","1"
"2026-10-02T22:00:00.000Z","2026-10-03 06:00:00","8","23","4","2","速喜","1","1","3","1","3","0","1","6","2","6","outflow","-1","2","1","0","2","交兆","1.15"
